{
  "n_frames": 38036,
  "forward_error": {
    "mean_deg": 9.1354945309173,
    "median_deg": 7.144160985946655,
    "std_deg": 7.853071009499618,
    "p25_deg": 4.253973126411438,
    "p75_deg": 11.496631383895874
  },
  "up_error": {
    "mean_deg": 7.7842377884235505,
    "median_deg": 6.310996055603027,
    "std_deg": 6.838032845522885,
    "p25_deg": 3.9540363550186157,
    "p75_deg": 9.91435432434082
  },
  "correlation": {
    "pearson_r": 0.6730615675291566,
    "pearson_p": 0.0,
    "spearman_rho": 0.522062070160688,
    "spearman_p": 0.0
  }
}