{
  "checkpoint": "src/runs/rf_stages/checkpoints/best.pth",
  "n_frames": 20000,
  "n_recordings": 9,
  "per_recording": {
    "14_main_2_2": {
      "mean": 7.6235800193373295,
      "median": 5.746735334396362,
      "q25": 3.180815637111664,
      "q75": 8.773507833480835,
      "iqr": 5.592692196369171,
      "count": 1404
    },
    "14_main_2_3": {
      "mean": 6.559685662087051,
      "median": 5.960917949676514,
      "q25": 4.185398578643799,
      "q75": 8.761890888214111,
      "iqr": 4.5764923095703125,
      "count": 1679
    },
    "20_assy_0_1": {
      "mean": 7.067518623644967,
      "median": 5.5771729946136475,
      "q25": 3.3201998472213745,
      "q75": 9.237605333328247,
      "iqr": 5.917405486106873,
      "count": 2854
    },
    "20_main_0_1": {
      "mean": 6.334621230722743,
      "median": 5.507763147354126,
      "q25": 3.5112739205360413,
      "q75": 8.639819860458374,
      "iqr": 5.128545939922333,
      "count": 2066
    },
    "05_assy_0_1": {
      "mean": 7.528123203432666,
      "median": 5.819905519485474,
      "q25": 3.3686373233795166,
      "q75": 9.83927035331726,
      "iqr": 6.470633029937744,
      "count": 2918
    },
    "20_assy_3_6": {
      "mean": 7.987278225694516,
      "median": 5.587424278259277,
      "q25": 3.2342214584350586,
      "q75": 10.905127048492432,
      "iqr": 7.670905590057373,
      "count": 2967
    },
    "05_assy_2_2": {
      "mean": 10.275623437846292,
      "median": 8.22640609741211,
      "q25": 4.73087477684021,
      "q75": 13.562108516693115,
      "iqr": 8.831233739852905,
      "count": 2323
    },
    "14_assy_0_1": {
      "mean": 12.324790528773667,
      "median": 11.959848403930664,
      "q25": 7.205547332763672,
      "q75": 16.044431686401367,
      "iqr": 8.838884353637695,
      "count": 3005
    },
    "24_assy_2_4": {
      "mean": 5.872716467447427,
      "median": 6.1196839809417725,
      "q25": 3.4521862864494324,
      "q75": 8.027718305587769,
      "iqr": 4.575532019138336,
      "count": 784
    }
  },
  "full_eval": {
    "median_of_medians": 5.819905519485474,
    "iqr_of_medians": 0.5322597026824951
  },
  "outlier": {
    "recording_id": "14_assy_0_1",
    "median_mae": 11.959848403930664
  },
  "interpretation": "Per Opus Q7: report full-eval median with IQR. Outlier identified separately. The 26.20\u00b0 full-eval number may be skewed by the outlier recording."
}