{
  "epoch": 25,
  "status": "running",
  "last_heartbeat": "2026-07-06T10:28:01.302796+00:00",
  "training_pid": 1029692,
  "batch": {
    "current": 6600,
    "total": 13161
  },
  "best_metric": 0.36279466832883,
  "best_metrics": {
    "det_mAP50": 0.3164572227172358,
    "det_mAP50_pc": 0.5063315563475773,
    "det_n_present_classes": 15,
    "forward_angular_MAE_deg": 8.135645866394043
  }
}