{
  "epoch": 0,
  "status": "running",
  "last_heartbeat": "2026-07-14T07:42:46.453885+00:00",
  "training_pid": 2886409,
  "batch": {
    "current": 400,
    "total": 4387
  },
  "best_metric": 0.4684010215948263,
  "best_metrics": {
    "det_mAP50": 0.3122673477298841,
    "det_mAP50_pc": 0.4684010215948263,
    "det_n_present_classes": 16,
    "forward_angular_MAE_deg": 8.118844985961914
  }
}