{
  "f1_at_t": 0.1955922865013774,
  "n_videos": 3,
  "per_video": {
    "14_main_2_2": {
      "f1_at_t": 0.06887052341597795,
      "n_frames": 1404
    },
    "14_main_2_3": {
      "f1_at_t": 0.06336088154269973,
      "n_frames": 1679
    },
    "20_assy_0_1": {
      "f1_at_t": 0.4545454545454545,
      "n_frames": 917
    }
  },
  "thresholds": {
    "sustain_hi": [
      0.85,
      0.85,
      0.85,
      0.85,
      0.85,
      0.85,
      0.85,
      0.85,
      0.85,
      0.85,
      0.85
    ],
    "sustain_lo": [
      0.085,
      0.088,
      0.088,
      0.102,
      0.111,
      0.102,
      0.105,
      0.092,
      0.092,
      0.092,
      0.113
    ],
    "sustain_min": [
      6,
      6,
      6,
      5,
      4,
      5,
      5,
      5,
      5,
      5,
      5
    ]
  }
}