{
  "global_summary": {
    "n_recordings": 16,
    "n_components": 11,
    "n_frames_total": 38036,
    "ours_edit_mean": 0.39437447488307953,
    "copy_prev_edit_mean": 0.39447832480072975,
    "delta_mean": -0.00010384991765022278,
    "ours_edit_std": 0.10945433347553152,
    "copy_prev_edit_std": 0.1091054838016916,
    "recordings_where_ours_wins_overall": [
      "05_main_0_1",
      "14_main_0_1",
      "14_main_2_2",
      "14_main_2_3",
      "20_main_0_1",
      "24_main_0_1",
      "26_main_0_1"
    ],
    "recordings_where_copy_prev_wins_overall": [
      "05_assy_0_1",
      "05_assy_2_2",
      "14_assy_0_1",
      "20_assy_0_1",
      "20_assy_3_6",
      "24_assy_0_1",
      "24_assy_2_4",
      "26_assy_0_1",
      "26_assy_1_5"
    ],
    "recordings_wins_count": 7,
    "recordings_losses_count": 9,
    "per_recording_mean_ours_wins_per_comp": 5.5625,
    "per_recording_mean_copy_prev_wins_per_comp": 5.4375,
    "optimal_thresholds": [
      0.05,
      0.05,
      0.05,
      0.8,
      0.9500000000000001,
      0.8,
      0.6500000000000001,
      0.9500000000000001,
      0.9500000000000001,
      0.9500000000000001,
      0.9500000000000001
    ],
    "optimal_macro_f1": 0.7017630058651655
  },
  "per_component": {
    "comp0": {
      "ours_edit_mean": 0.0,
      "copy_prev_edit_mean": 0.00047522336626570905,
      "delta_mean": -0.00047522336626570905,
      "delta_std": 0.00016148145896201872,
      "delta_min": -0.0007293946109712124,
      "delta_max": -0.00021800740796606988,
      "n_recordings_ours_wins": 16,
      "n_recordings_copy_prev_wins": 0,
      "recordings_ours_wins": [
        "05_assy_0_1",
        "05_assy_2_2",
        "05_main_0_1",
        "14_assy_0_1",
        "14_main_0_1",
        "14_main_2_2",
        "14_main_2_3",
        "20_assy_0_1",
        "20_assy_3_6",
        "20_main_0_1",
        "24_assy_0_1",
        "24_assy_2_4",
        "24_main_0_1",
        "26_assy_0_1",
        "26_assy_1_5",
        "26_main_0_1"
      ],
      "recordings_copy_prev_wins": [],
      "gt_pos_frac": 1.0,
      "optimal_threshold": 0.05,
      "optimal_f1": 1.0,
      "gt_transition_rate": 0.00047522336626570905
    },
    "comp1": {
      "ours_edit_mean": 0.08542793361993972,
      "copy_prev_edit_mean": 0.08570817185500346,
      "delta_mean": -0.00028023823506373446,
      "delta_std": 0.0004163895703435215,
      "delta_min": -0.0007293946109712124,
      "delta_max": 0.0004633888602256775,
      "n_recordings_ours_wins": 12,
      "n_recordings_copy_prev_wins": 4,
      "recordings_ours_wins": [
        "05_main_0_1",
        "14_assy_0_1",
        "14_main_0_1",
        "14_main_2_2",
        "14_main_2_3",
        "20_assy_0_1",
        "20_assy_3_6",
        "20_main_0_1",
        "24_assy_2_4",
        "24_main_0_1",
        "26_assy_1_5",
        "26_main_0_1"
      ],
      "recordings_copy_prev_wins": [
        "05_assy_0_1",
        "05_assy_2_2",
        "24_assy_0_1",
        "26_assy_0_1"
      ],
      "gt_pos_frac": 0.9258845346478629,
      "optimal_threshold": 0.05,
      "optimal_f1": 0.961135509055943,
      "gt_transition_rate": 0.08570817185500346
    },
    "comp2": {
      "ours_edit_mean": 0.08608497913519386,
      "copy_prev_edit_mean": 0.08636521643893502,
      "delta_mean": -0.00028023730374115985,
      "delta_std": 0.000416389452823906,
      "delta_min": -0.0007293946109712124,
      "delta_max": 0.0004633888602256775,
      "n_recordings_ours_wins": 12,
      "n_recordings_copy_prev_wins": 4,
      "recordings_ours_wins": [
        "05_main_0_1",
        "14_assy_0_1",
        "14_main_0_1",
        "14_main_2_2",
        "14_main_2_3",
        "20_assy_0_1",
        "20_assy_3_6",
        "20_main_0_1",
        "24_assy_2_4",
        "24_main_0_1",
        "26_assy_1_5",
        "26_main_0_1"
      ],
      "recordings_copy_prev_wins": [
        "05_assy_0_1",
        "05_assy_2_2",
        "24_assy_0_1",
        "26_assy_0_1"
      ],
      "gt_pos_frac": 0.9258845346478629,
      "optimal_threshold": 0.05,
      "optimal_f1": 0.9608898662059314,
      "gt_transition_rate": 0.08636521643893502
    },
    "comp3": {
      "ours_edit_mean": 0.4641492981463671,
      "copy_prev_edit_mean": 0.46423241682350636,
      "delta_mean": -8.311867713928223e-05,
      "delta_std": 0.0004949797033172059,
      "delta_min": -0.0007293820381164551,
      "delta_max": 0.0004633963108062744,
      "n_recordings_ours_wins": 7,
      "n_recordings_copy_prev_wins": 9,
      "recordings_ours_wins": [
        "05_main_0_1",
        "14_main_0_1",
        "14_main_2_2",
        "14_main_2_3",
        "20_main_0_1",
        "24_main_0_1",
        "26_main_0_1"
      ],
      "recordings_copy_prev_wins": [
        "05_assy_0_1",
        "05_assy_2_2",
        "14_assy_0_1",
        "20_assy_0_1",
        "20_assy_3_6",
        "24_assy_0_1",
        "24_assy_2_4",
        "26_assy_0_1",
        "26_assy_1_5"
      ],
      "gt_pos_frac": 0.5353871319146256,
      "optimal_threshold": 0.8,
      "optimal_f1": 0.7655695048527092,
      "gt_transition_rate": 0.46423241682350636
    },
    "comp4": {
      "ours_edit_mean": 0.8352024182677269,
      "copy_prev_edit_mean": 0.8347271960228682,
      "delta_mean": 0.00047522224485874176,
      "delta_std": 0.00016147948035080947,
      "delta_min": 0.0002180337905883789,
      "delta_max": 0.0007293820381164551,
      "n_recordings_ours_wins": 0,
      "n_recordings_copy_prev_wins": 16,
      "recordings_ours_wins": [],
      "recordings_copy_prev_wins": [
        "05_assy_0_1",
        "05_assy_2_2",
        "05_main_0_1",
        "14_assy_0_1",
        "14_main_0_1",
        "14_main_2_2",
        "14_main_2_3",
        "20_assy_0_1",
        "20_assy_3_6",
        "20_main_0_1",
        "24_assy_0_1",
        "24_assy_2_4",
        "24_main_0_1",
        "26_assy_0_1",
        "26_assy_1_5",
        "26_main_0_1"
      ],
      "gt_pos_frac": 0.1647975832679499,
      "optimal_threshold": 0.9500000000000001,
      "optimal_f1": 0.19838085515538567,
      "gt_transition_rate": 0.8347271960228682
    },
    "comp5": {
      "ours_edit_mean": 0.2941343290731311,
      "copy_prev_edit_mean": 0.29421744402498007,
      "delta_mean": -8.311495184898376e-05,
      "delta_std": 0.0004949827137199157,
      "delta_min": -0.0007293820381164551,
      "delta_max": 0.0004633963108062744,
      "n_recordings_ours_wins": 7,
      "n_recordings_copy_prev_wins": 9,
      "recordings_ours_wins": [
        "05_main_0_1",
        "14_main_0_1",
        "14_main_2_2",
        "14_main_2_3",
        "20_main_0_1",
        "24_main_0_1",
        "26_main_0_1"
      ],
      "recordings_copy_prev_wins": [
        "05_assy_0_1",
        "05_assy_2_2",
        "14_assy_0_1",
        "20_assy_0_1",
        "20_assy_3_6",
        "24_assy_0_1",
        "24_assy_2_4",
        "26_assy_0_1",
        "26_assy_1_5"
      ],
      "gt_pos_frac": 0.6556125985467464,
      "optimal_threshold": 0.8,
      "optimal_f1": 0.8726175888396643,
      "gt_transition_rate": 0.29421744402498007
    },
    "comp6": {
      "ours_edit_mean": 0.37487983889877796,
      "copy_prev_edit_mean": 0.37496296409517527,
      "delta_mean": -8.312519639730453e-05,
      "delta_std": 0.0004949863282668587,
      "delta_min": -0.0007294416427612305,
      "delta_max": 0.0004633963108062744,
      "n_recordings_ours_wins": 7,
      "n_recordings_copy_prev_wins": 9,
      "recordings_ours_wins": [
        "05_main_0_1",
        "14_main_0_1",
        "14_main_2_2",
        "14_main_2_3",
        "20_main_0_1",
        "24_main_0_1",
        "26_main_0_1"
      ],
      "recordings_copy_prev_wins": [
        "05_assy_0_1",
        "05_assy_2_2",
        "14_assy_0_1",
        "20_assy_0_1",
        "20_assy_3_6",
        "24_assy_0_1",
        "24_assy_2_4",
        "26_assy_0_1",
        "26_assy_1_5"
      ],
      "gt_pos_frac": 0.5475677580704222,
      "optimal_threshold": 0.6500000000000001,