{
  "checkpoint": "src/runs/rf_stages/checkpoints/best.pth",
  "n_frames": 5000,
  "n_recordings": 3,
  "full_data_global_f1": 0.7013429790606898,
  "loo_global_f1_mean": 0.6827329768810508,
  "loo_optimal_f1_mean": 0.7185538346433175,
  "loo_improvement_mean": 0.03582085776226662,
  "loo_improvement_std": 0.021649141323377898,
  "per_recording": {
    "14_main_2_2": {
      "global_f1": 0.7813612950515121,
      "optimal_f1": 0.8227972865657178,
      "improvement": 0.04143599151420574,
      "opt_thresholds": {
        "0": 0.05,
        "1": 0.2,
        "2": 0.2,
        "3": 0.8500000000000001,
        "4": 0.5,
        "5": 0.5,
        "6": 0.45,
        "7": 0.9000000000000001,
        "8": 0.9000000000000001,
        "9": 0.05,
        "10": 0.7000000000000001
      }
    },
    "14_main_2_3": {
      "global_f1": 0.7306136565941518,
      "optimal_f1": 0.7896918795687982,
      "improvement": 0.05907822297464638,
      "opt_thresholds": {
        "0": 0.05,
        "1": 0.25,
        "2": 0.2,
        "3": 0.8500000000000001,
        "4": 0.8,
        "5": 0.5,
        "6": 0.45,
        "7": 0.9000000000000001,
        "8": 0.9000000000000001,
        "9": 0.05,
        "10": 0.7000000000000001
      }
    },
    "20_assy_0_1": {
      "global_f1": 0.5362239789974885,
      "optimal_f1": 0.5431723377954364,
      "improvement": 0.006948358797947862,
      "opt_thresholds": {
        "0": 0.05,
        "1": 0.05,
        "2": 0.05,
        "3": 0.8500000000000001,
        "4": 0.8,
        "5": 0.05,
        "6": 0.05,
        "7": 0.05,
        "8": 0.05,
        "9": 0.05,
        "10": 0.7000000000000001
      }
    }
  },
  "full_data_optimal_f1_macro": 0.7810428735267254,
  "full_data_optimal_thresholds": {
    "0": 0.05,
    "1": 0.2,
    "2": 0.2,
    "3": 0.8500000000000001,
    "4": 0.8,
    "5": 0.5,
    "6": 0.45,
    "7": 0.9000000000000001,
    "8": 0.9000000000000001,
    "9": 0.05,
    "10": 0.7000000000000001
  }
}