{
  "checkpoint": "src/runs/rf_stages/checkpoints/best.pth",
  "thresholds_source": "src/runs/rf_stages/checkpoints/psr_optimal_thr_38k/optimal_thresholds.json",
  "thresholds": [
    0.05000000074505806,
    0.05000000074505806,
    0.05000000074505806,
    0.800000011920929,
    0.949999988079071,
    0.800000011920929,
    0.6499999761581421,
    0.949999988079071,
    0.949999988079071,
    0.949999988079071,
    0.949999988079071
  ],
  "tolerance": 3,
  "n_frames": 38036,
  "n_recordings": 16,
  "macro_across_recordings": {
    "mean": 0.3141981028286989,
    "std": 0.20968644644130138
  },
  "micro_across_recordings": {
    "mean": 0.0034952120223382004,
    "std": 0.005065217062803798
  },
  "per_component": {
    "comp0": {
      "mean": 1.0,
      "std": 0.0,
      "min": 1.0,
      "max": 1.0,
      "n_recordings": 16
    },
    "comp1": {
      "mean": 0.44289811066126855,
      "std": 0.49151050433791,
      "min": 0.0,
      "max": 1.0,
      "n_recordings": 16
    },
    "comp2": {
      "mean": 0.44086655508216677,
      "std": 0.4931956400446815,
      "min": 0.0,
      "max": 1.0,
      "n_recordings": 16
    },
    "comp3": {
      "mean": 0.0017123287671232878,
      "std": 0.006631820798300372,
      "min": 0.0,
      "max": 0.027397260273972605,
      "n_recordings": 16
    },
    "comp4": {
      "mean": 0.3125,
      "std": 0.46351240544347894,
      "min": 0.0,
      "max": 1.0,
      "n_recordings": 16
    },
    "comp5": {
      "mean": 0.004435366739288308,
      "std": 0.009322292284217291,
      "min": 0.0,
      "max": 0.026666666666666665,
      "n_recordings": 16
    },
    "comp6": {
      "mean": 0.003766769865841073,
      "std": 0.010470394162901457,
      "min": 0.0,
      "max": 0.0392156862745098,
      "n_recordings": 16
    },
    "comp7": {
      "mean": 0.4375,
      "std": 0.49607837082461076,
      "min": 0.0,
      "max": 1.0,
      "n_recordings": 16
    },
    "comp8": {
      "mean": 0.4375,
      "std": 0.49607837082461076,
      "min": 0.0,
      "max": 1.0,
      "n_recordings": 16
    },
    "comp9": {
      "mean": 0.375,
      "std": 0.4841229182759271,
      "min": 0.0,
      "max": 1.0,
      "n_recordings": 16
    },
    "comp10": {
      "mean": 0.0,
      "std": 0.0,
      "min": 0.0,
      "max": 0.0,
      "n_recordings": 16
    }
  },
  "per_recording": {
    "05_assy_0_1": {
      "per_component": {
        "comp0": 1.0,
        "comp1": 0.03508771929824561,
        "comp2": 0.03773584905660378,
        "comp3": 0.0,
        "comp4": 0.0,
        "comp5": 0.02469135802469136,
        "comp6": 0.0,
        "comp7": 0.0,
        "comp8": 0.0,
        "comp9": 0.0,
        "comp10": 0.0
      },
      "macro": 0.0997740842163219,
      "micro": 0.010238907849829351
    },
    "05_assy_2_2": {
      "per_component": {
        "comp0": 1.0,
        "comp1": 0.0,
        "comp2": 0.0,
        "comp3": 0.027397260273972605,
        "comp4": 1.0,
        "comp5": 0.0,
        "comp6": 0.0,
        "comp7": 0.0,
        "comp8": 0.0,
        "comp9": 0.0,
        "comp10": 0.0
      },
      "macro": 0.18430884184308843,
      "micro": 0.006369426751592356
    },
    "05_main_0_1": {
      "per_component": {
        "comp0": 1.0,
        "comp1": 1.0,
        "comp2": 1.0,
        "comp3": 0.0,
        "comp4": 0.0,
        "comp5": 0.0,
        "comp6": 0.0,
        "comp7": 1.0,
        "comp8": 1.0,
        "comp9": 1.0,
        "comp10": 0.0
      },
      "macro": 0.5454545454545454,
      "micro": 0.0
    },
    "14_assy_0_1": {
      "per_component": {
        "comp0": 1.0,
        "comp1": 0.05128205128205127,
        "comp2": 0.0,
        "comp3": 0.0,
        "comp4": 1.0,
        "comp5": 0.0,
        "comp6": 0.0,
        "comp7": 0.0,
        "comp8": 0.0,
        "comp9": 0.0,
        "comp10": 0.0
      },
      "macro": 0.18648018648018647,
      "micro": 0.005012531328320802
    },
    "14_main_0_1": {
      "per_component": {
        "comp0": 1.0,
        "comp1": 1.0,
        "comp2": 1.0,
        "comp3": 0.0,
        "comp4": 0.0,
        "comp5": 0.0,
        "comp6": 0.0,
        "comp7": 1.0,
        "comp8": 1.0,
        "comp9": 1.0,
        "comp10": 0.0
      },
      "macro": 0.5454545454545454,
      "micro": 0.0
    },
    "14_main_2_2": {
      "per_component": {
        "comp0": 1.0,
        "comp1": 1.0,
        "comp2": 1.0,
        "comp3": 0.0,
        "comp4": 0.0,
        "comp5": 0.0,
        "comp6": 0.0,
        "comp7": 1.0,
        "comp8": 1.0,
        "comp9": 1.0,
        "comp10": 0.0
      },
      "macro": 0.5454545454545454,
      "micro": 0.0
    },
    "14_main_2_3": {
      "per_component": {
        "comp0": 1.0,
        "comp1": 1.0,
        "comp2": 1.0,
        "comp3": 0.0,
        "comp4": 1.0,
        "comp5": 0.0,
        "comp6": 0.0,
        "comp7": 1.0,
        "comp8": 1.0,
        "comp9": 1.0,
        "comp10": 0.0
      },
      "macro": 0.6363636363636364,
      "micro": 0.0
    },
    "20_assy_0_1": {
      "per_component": {
        "comp0": 1.0,
        "comp1": 0.0,
        "comp2": 0.0,
        "comp3": 0.0,
        "comp4": 0.0,
        "comp5": 0.0,
        "comp6": 0.0,
        "comp7": 0.0,
        "comp8": 0.0,
        "comp9": 0.0,
        "comp10": 0.0
      },
      "macro": 0.09090909090909091,
      "micro": 0.0
    },
    "20_assy_3_6": {
      "per_component": {
        "comp0": 1.0,
        "comp1": 0.0,
        "comp2": 0.0,
        "comp3": 0.0,
        "comp4": 0.0,
        "comp5": 0.0,
        "comp6": 0.0,
        "comp7": 0.0,
        "comp8": 0.0,
        "comp9": 0.0,
        "comp10": 0.0
      },
      "macro": 0.09090909090909091,
      "micro": 0.0
    },
    "20_main_0_1": {
      "per_component": {
        "comp0": 1.0,
        "comp1": 1.0,
        "comp2": 1.0,
        "comp3": 0.0,
        "comp4": 0.0,
        "comp5": 0.0,
        "comp6": 0.0,
        "comp7": 1.0,
        "comp8": 1.0,
        "comp9": 1.0,
        "comp10": 0.0
      },
      "macro": 0.5454545454545454,
      "micro": 0.0
    },
    "24_assy_0_1": {
      "per_component": {
        "comp0": 1.0,
        "comp1": 0.0,
        "comp2": 0.0,
        "comp3": 0.0,
        "comp4": 1.0,
        "comp5": 0.0,
        "comp6": 0.0,
        "comp7": 0.0,
        "comp8": 0.0,
        "comp9": 0.0,
        "comp10": 0.0
      },
      "macro": 0.18181818181818182,
      "micro": 0.0
    },
    "24_assy_2_4": {
      "per_component": {
        "comp0": 1.0,
        "comp1": 0.0,
        "comp2": 0.0,
        "comp3": 0.0,
        "comp4": 0.0,
        "comp5": 0.026666666666666665,
        "comp6": 0.0,
        "comp7": 0.0,
        "comp8": 0.0,
        "comp9": 0.0,
        "comp10": 0.0
      },
      "macro": 0.09333333333333332,
      "micro": 0.003676470588235294
    },
    "24_main_0_1": {
      "per_component": {
        "comp0": 1.0,
        "comp1": 1.0,
        "comp2": 1.0,
        "comp3": 0.0,
        "comp4": 0.0,
        "comp5": 0.0,
        "comp6": 0.0,
        "comp7": 1.0,
        "comp8": 1.0,
        "comp9": 0.0,
        "comp10": 0.0
      },
      "macro": 0.45454545454545453,
      "micro": 0.0
    },
    "26_assy_0_1": {
      "per_component": {
        "comp0": 1.0,
        "comp1": 0.0,
        "comp2": 0.0,
        "comp3": 0.0,
        "comp4": 1.0,
        "comp5": 0.0196078431372549,
        "comp6": 0.021052631578947368,
        "comp7": 0.0,
        "comp8": 0.0,
        "comp9": 0.0,
        "comp10": 0.0
      },
      "macro": 0.18551458861056383,
      "micro": 0.010610079575596816
    },
    "26_assy_1_5": {
      "per_component": {
        "comp0": 1.0,
        "comp1": 0.0,
        "comp2": 0.01612903225806452,
        "comp3": 0.0,
        "comp4": 0.0,
        "comp5": 0.0,
        "comp6": 0.0,
        "comp7": 0.0,
        "comp8": 0.0,
        "comp9": 0.0,
        "comp10": 0.0
      },
      "macro": 0.09237536656891496,
      "micro": 0.0026246719160104987
    },