{
  "f1_at_t": 0.26136363636363635,
  "n_videos": 16,
  "per_video": {
    "14_main_2_2": {
      "f1_at_t": 0.8484848484848484,
      "n_frames": 1404
    },
    "14_main_2_3": {
      "f1_at_t": 0.0,
      "n_frames": 1679
    },
    "20_assy_0_1": {
      "f1_at_t": 0.09090909090909091,
      "n_frames": 2854
    },
    "20_main_0_1": {
      "f1_at_t": 0.0,
      "n_frames": 2066
    },
    "05_assy_0_1": {
      "f1_at_t": 0.09090909090909091,
      "n_frames": 2918
    },
    "20_assy_3_6": {
      "f1_at_t": 0.09090909090909091,
      "n_frames": 2967
    },
    "05_assy_2_2": {
      "f1_at_t": 0.18181818181818182,
      "n_frames": 2323
    },
    "14_assy_0_1": {
      "f1_at_t": 0.09090909090909091,
      "n_frames": 3005
    },
    "24_assy_2_4": {
      "f1_at_t": 0.09090909090909091,
      "n_frames": 2952
    },
    "14_main_0_1": {
      "f1_at_t": 0.818181818181818,
      "n_frames": 1685
    },
    "24_assy_0_1": {
      "f1_at_t": 0.09090909090909091,
      "n_frames": 2158
    },
    "05_main_0_1": {
      "f1_at_t": 0.0,
      "n_frames": 1380
    },
    "26_assy_0_1": {
      "f1_at_t": 0.09090909090909091,
      "n_frames": 3093
    },
    "24_main_0_1": {
      "f1_at_t": 0.7878787878787878,
      "n_frames": 1371
    },
    "26_assy_1_5": {
      "f1_at_t": 0.09090909090909091,
      "n_frames": 4587
    },
    "26_main_0_1": {
      "f1_at_t": 0.818181818181818,
      "n_frames": 1594
    }
  },
  "thresholds": {
    "sustain_hi": [
      0.85,
      0.85,
      0.85,
      0.85,
      0.85,
      0.85,
      0.85,
      0.85,
      0.85,
      0.85,
      0.85
    ],
    "sustain_lo": [
      0.085,
      0.088,
      0.088,
      0.098,
      0.112,
      0.095,
      0.098,
      0.101,
      0.102,
      0.106,
      0.108
    ],
    "sustain_min": [
      4,
      4,
      4,
      3,
      2,
      3,
      3,
      3,
      3,
      3,
      3
    ]
  }
}