{
  "checkpoint": "src/runs/rf_stages/checkpoints/best.pth",
  "n_clips": 4436,
  "n_valid_clips": 4436,
  "clip_top1": 0.0281785392245266,
  "clip_length": 16,
  "stride": 8,
  "per_class": {
    "0": {
      "acc": 0.6721311475409836,
      "n": 122
    },
    "41": {
      "acc": 0.0,
      "n": 71
    },
    "34": {
      "acc": 0.0,
      "n": 36
    },
    "50": {
      "acc": 0.0,
      "n": 17
    },
    "37": {
      "acc": 0.0,
      "n": 41
    },
    "56": {
      "acc": 0.3076923076923077,
      "n": 13
    },
    "38": {
      "acc": 0.0,
      "n": 12
    },
    "42": {
      "acc": 0.0,
      "n": 30
    },
    "39": {
      "acc": 0.0,
      "n": 173
    },
    "27": {
      "acc": 0.0,
      "n": 98
    },
    "9": {
      "acc": 0.012974051896207584,
      "n": 1002
    },
    "3": {
      "acc": 0.0,
      "n": 277
    },
    "2": {
      "acc": 0.0,
      "n": 20
    },
    "5": {
      "acc": 0.0,
      "n": 145
    },
    "6": {
      "acc": 0.0,
      "n": 125
    },
    "29": {
      "acc": 0.005649717514124294,
      "n": 177
    },
    "7": {
      "acc": 0.0,
      "n": 131
    },
    "32": {
      "acc": 0.0,
      "n": 184
    },
    "8": {
      "acc": 0.0,
      "n": 345
    },
    "20": {
      "acc": 0.0,
      "n": 24
    },
    "4": {
      "acc": 0.0,
      "n": 130
    },
    "40": {
      "acc": 0.024193548387096774,
      "n": 124
    },
    "10": {
      "acc": 0.03260869565217391,
      "n": 92
    },
    "17": {
      "acc": 0.0,
      "n": 85
    },
    "25": {
      "acc": 0.0,
      "n": 39
    },
    "51": {
      "acc": 0.0,
      "n": 55
    },
    "65": {
      "acc": 0.0,
      "n": 110
    },
    "30": {
      "acc": 0.0,
      "n": 89
    },
    "21": {
      "acc": 0.0,
      "n": 74
    },
    "46": {
      "acc": 0.0,
      "n": 79
    },
    "43": {
      "acc": 0.0,
      "n": 20
    },
    "54": {
      "acc": 0.0,
      "n": 8
    },
    "28": {
      "acc": 0.02564102564102564,
      "n": 39
    },
    "11": {
      "acc": 0.0,
      "n": 39
    },
    "44": {
      "acc": 0.0,
      "n": 9
    },
    "15": {
      "acc": 0.07692307692307693,
      "n": 13
    },
    "52": {
      "acc": 0.0,
      "n": 22
    },
    "18": {
      "acc": 0.0,
      "n": 22
    },
    "58": {
      "acc": 0.0,
      "n": 7
    },
    "36": {
      "acc": 0.0,
      "n": 27
    },
    "19": {
      "acc": 0.0,
      "n": 51
    },
    "47": {
      "acc": 0.058823529411764705,
      "n": 34
    },
    "23": {
      "acc": 0.058823529411764705,
      "n": 17
    },
    "24": {
      "acc": 0.0,
      "n": 6
    },
    "22": {
      "acc": 0.037037037037037035,
      "n": 27
    },
    "63": {
      "acc": 0.0,
      "n": 20
    },
    "53": {
      "acc": 0.0,
      "n": 20
    },
    "35": {
      "acc": 0.0,
      "n": 4
    },
    "1": {
      "acc": 0.07692307692307693,
      "n": 26
    },
    "16": {
      "acc": 0.0,
      "n": 30
    },
    "31": {
      "acc": 0.0,
      "n": 9
    },
    "13": {
      "acc": 0.47368421052631576,
      "n": 19
    },
    "60": {
      "acc": 0.0,
      "n": 7
    },
    "61": {
      "acc": 0.0,
      "n": 8
    },
    "33": {
      "acc": 0.0,
      "n": 3
    },
    "62": {
      "acc": 0.0,
      "n": 8
    },
    "59": {
      "acc": 0.0,
      "n": 10
    },
    "57": {
      "acc": 0.0,
      "n": 3
    },
    "14": {
      "acc": 0.0,
      "n": 6
    },
    "12": {
      "acc": 1.0,
      "n": 2
    }
  }
}