{
  "14_main_2_2": {
    "default": {
      "f1_at_t": 0.5757575757575758,
      "n_frames": 1404
    },
    "best_global": {
      "f1_at_t": 0.8484848484848484,
      "n_frames": 1404
    },
    "retuned": {
      "f1_at_t": 0.7603305785123967,
      "n_frames": 1404
    }
  },
  "14_main_2_3": {
    "default": {
      "f1_at_t": 0.6363636363636365,
      "n_frames": 596
    },
    "best_global": {
      "f1_at_t": 0.909090909090909,
      "n_frames": 596
    },
    "retuned": {
      "f1_at_t": 0.818181818181818,
      "n_frames": 596
    }
  }
}