{
  "checkpoint": "src/runs/rf_stages/checkpoints/best.pth",
  "epoch": 18,
  "n_images": 2000,
  "n_total_gt_boxes": 138,
  "nms_threshold": 0.5,
  "candidate_thresholds": [
    0.00030000000000000014,
    0.00040866265539525327,
    0.0005566838863823321,
    0.0007583197174158441,
    0.001,
    0.001032989831192456,
    0.0014071478913713444,
    0.0019168293127388178,
    0.0026111218562776778,
    0.003556893304490061,
    0.004845231542568355,
    0.006600217293969407,
    0.008990874418464034,
    0.012247448713915893,
    0.016683583044153488,
    0.022726524494436625,
    0.030958272826005793,
    0.04217163326508745,
    0.05744657210821808,
    0.07825422900366437,
    0.10659860340181904,
    0.14520956109204278,
    0.19780574941551163,
    0.2694527426953034,
    0.36705091111132193,
    0.5
  ],
  "config_current_threshold": 0.001,
  "config_current_mAP50": 0.5580687449734623,
  "optimal_global_threshold": 0.00030000000000000014,
  "optimal_mAP50": 0.5580687449734623,
  "optimal_mAP75": 0.15126789575892016,
  "sweep_results": [
    {
      "mAP50": 0.5580687449734623,
      "mAP75": 0.15126789575892016,
      "per_class_ap50": {
        "9": 0.9547785547785548,
        "12": 0.9542161099596851,
        "16": 0.0,
        "17": 0.8906140020110609,
        "19": 0.0,
        "22": 0.5488038030914728
      },
      "n_total_preds": 74597,
      "threshold": 0.00030000000000000014
    },
    {
      "mAP50": 0.5580687449734623,
      "mAP75": 0.15126789575892016,
      "per_class_ap50": {
        "9": 0.9547785547785548,
        "12": 0.9542161099596851,
        "16": 0.0,
        "17": 0.8906140020110609,
        "19": 0.0,
        "22": 0.5488038030914728
      },
      "n_total_preds": 74597,
      "threshold": 0.00040866265539525327
    },
    {
      "mAP50": 0.5580687449734623,
      "mAP75": 0.15126789575892016,
      "per_class_ap50": {
        "9": 0.9547785547785548,
        "12": 0.9542161099596851,
        "16": 0.0,
        "17": 0.8906140020110609,
        "19": 0.0,
        "22": 0.5488038030914728
      },
      "n_total_preds": 74597,
      "threshold": 0.0005566838863823321
    },
    {
      "mAP50": 0.5580687449734623,
      "mAP75": 0.15126789575892016,
      "per_class_ap50": {
        "9": 0.9547785547785548,
        "12": 0.9542161099596851,
        "16": 0.0,
        "17": 0.8906140020110609,
        "19": 0.0,
        "22": 0.5488038030914728
      },
      "n_total_preds": 74597,
      "threshold": 0.0007583197174158441
    },
    {
      "mAP50": 0.5580687449734623,
      "mAP75": 0.15126789575892016,
      "per_class_ap50": {
        "9": 0.9547785547785548,
        "12": 0.9542161099596851,
        "16": 0.0,
        "17": 0.8906140020110609,
        "19": 0.0,
        "22": 0.5488038030914728
      },
      "n_total_preds": 74597,
      "threshold": 0.001
    },
    {
      "mAP50": 0.5580687449734623,
      "mAP75": 0.15126789575892016,
      "per_class_ap50": {
        "9": 0.9547785547785548,
        "12": 0.9542161099596851,
        "16": 0.0,
        "17": 0.8906140020110609,
        "19": 0.0,
        "22": 0.5488038030914728
      },
      "n_total_preds": 74597,
      "threshold": 0.001032989831192456
    },
    {
      "mAP50": 0.5580687449734623,
      "mAP75": 0.15126789575892016,
      "per_class_ap50": {
        "9": 0.9547785547785548,
        "12": 0.9542161099596851,
        "16": 0.0,
        "17": 0.8906140020110609,
        "19": 0.0,
        "22": 0.5488038030914728
      },
      "n_total_preds": 74597,
      "threshold": 0.0014071478913713444
    },
    {
      "mAP50": 0.5580687449734623,
      "mAP75": 0.15126789575892016,
      "per_class_ap50": {
        "9": 0.9547785547785548,
        "12": 0.9542161099596851,
        "16": 0.0,
        "17": 0.8906140020110609,
        "19": 0.0,
        "22": 0.5488038030914728
      },
      "n_total_preds": 74597,
      "threshold": 0.0019168293127388178
    },
    {
      "mAP50": 0.5580687449734623,
      "mAP75": 0.15126789575892016,
      "per_class_ap50": {
        "9": 0.9547785547785548,
        "12": 0.9542161099596851,
        "16": 0.0,
        "17": 0.8906140020110609,
        "19": 0.0,
        "22": 0.5488038030914728
      },
      "n_total_preds": 74597,
      "threshold": 0.0026111218562776778
    },
    {
      "mAP50": 0.5580687449734623,
      "mAP75": 0.15126789575892016,
      "per_class_ap50": {
        "9": 0.9547785547785548,
        "12": 0.9542161099596851,
        "16": 0.0,
        "17": 0.8906140020110609,
        "19": 0.0,
        "22": 0.5488038030914728
      },
      "n_total_preds": 74597,
      "threshold": 0.003556893304490061
    },
    {
      "mAP50": 0.5580687449734623,
      "mAP75": 0.15126789575892016,
      "per_class_ap50": {
        "9": 0.9547785547785548,
        "12": 0.9542161099596851,
        "16": 0.0,
        "17": 0.8906140020110609,
        "19": 0.0,
        "22": 0.5488038030914728
      },
      "n_total_preds": 74597,
      "threshold": 0.004845231542568355
    },
    {
      "mAP50": 0.5580687449734623,
      "mAP75": 0.15126789575892016,
      "per_class_ap50": {
        "9": 0.9547785547785548,
        "12": 0.9542161099596851,
        "16": 0.0,
        "17": 0.8906140020110609,
        "19": 0.0,
        "22": 0.5488038030914728
      },
      "n_total_preds": 74597,
      "threshold": 0.006600217293969407
    },
    {
      "mAP50": 0.5580687449734623,
      "mAP75": 0.15126789575892016,
      "per_class_ap50": {
        "9": 0.9547785547785548,
        "12": 0.9542161099596851,
        "16": 0.0,
        "17": 0.8906140020110609,
        "19": 0.0,
        "22": 0.5488038030914728
      },
      "n_total_preds": 74597,
      "threshold": 0.008990874418464034
    },
    {
      "mAP50": 0.5580687449734623,
      "mAP75": 0.15126789575892016,
      "per_class_ap50": {
        "9": 0.9547785547785548,
        "12": 0.9542161099596851,
        "16": 0.0,
        "17": 0.8906140020110609,
        "19": 0.0,
        "22": 0.5488038030914728
      },
      "n_total_preds": 74597,
      "threshold": 0.012247448713915893
    },
    {
      "mAP50": 0.5580687449734623,
      "mAP75": 0.15126789575892016,
      "per_class_ap50": {
        "9": 0.9547785547785548,
        "12": 0.9542161099596851,
        "16": 0.0,
        "17": 0.8906140020110609,
        "19": 0.0,
        "22": 0.5488038030914728
      },
      "n_total_preds": 74584,
      "threshold": 0.016683583044153488
    },
    {
      "mAP50": 0.5580687449734623,
      "mAP75": 0.1512678957589202,
      "per_class_ap50": {
        "9": 0.9547785547785548,
        "12": 0.9542161099596851,
        "16": 0.0,
        "17": 0.8906140020110609,
        "19": 0.0,
        "22": 0.5488038030914728
      },
      "n_total_preds": 68290,
      "threshold": 0.022726524494436625
    },
    {
      "mAP50": 0.5580687449734623,
      "mAP75": 0.15126789575892016,
      "per_class_ap50": {
        "9": 0.9547785547785548,
        "12": 0.9542161099596851,
        "16": 0.0,
        "17": 0.8906140020110609,
        "19": 0.0,
        "22": 0.5488038030914728
      },
      "n_total_preds": 48520,
      "threshold": 0.030958272826005793
    },
    {
      "mAP50": 0.5580687449734623,
      "mAP75": 0.15126789575892016,
      "per_class_ap50": {
        "9": 0.9547785547785548,
        "12": 0.9542161099596851,
        "16": 0.0,
        "17": 0.8906140020110609,
        "19": 0.0,
        "22": 0.5488038030914728
      },
      "n_total_preds": 29491,
      "threshold": 0.04217163326508745
    },
    {
      "mAP50": 0.5580687449734623,
      "mAP75": 0.15126789575892016,
      "per_class_ap50": {
        "9": 0.9547785547785548,
        "12": 0.9542161099596851,
        "16": 0.0,
        "17": 0.8906140020110609,
        "19": 0.0,
        "22": 0.5488038030914728
      },
      "n_total_preds": 19249,
      "threshold": 0.05744657210821808
    },
    {
      "mAP50": 0.5580687449734623,
      "mAP75": 0.15126789575892016,