{
  "full_set_mAP50": 9.10771159644813e-05,
  "full_set_mAP_50_95": 9.40017840388661e-06,
  "present_class_mAP50": 9.10771159644813e-05,
  "present_class_mAP_50_95": 9.40017840388661e-06,
  "per_class_AP50": {
    "0": 0.0,
    "4": 0.0,
    "5": 0.0,
    "6": 0.0,
    "7": 6.229797238525525e-05,
    "8": 0.0,
    "9": 0.0,
    "10": 6.895850040636902e-05,
    "11": 0.00024509803921568627,
    "12": 0.0012428883379746113,
    "13": 0.0,
    "16": 0.0,
    "17": 0.0,
    "18": 0.0,
    "19": 0.0,
    "20": 0.0,
    "21": 0.0,
    "22": 2.0145237378741566e-05
  },
  "per_class_AP_50_95": {
    "0": 0.0,
    "4": 0.0,
    "5": 0.0,
    "6": 0.0,
    "7": 6.8463174213581005e-06,
    "8": 0.0,
    "9": 0.0,
    "10": 1.014667267936576e-05,
    "11": 2.4509803921568626e-05,
    "12": 0.00012551930014420657,
    "13": 0.0,
    "16": 0.0,
    "17": 0.0,
    "18": 0.0,
    "19": 0.0,
    "20": 0.0,
    "21": 0.0,
    "22": 2.1811171034599656e-06
  },
  "present_classes": [0, 4, 5, 6, 7, 8, 9, 10, 11, 12, 13, 16, 17, 18, 19, 20, 21, 22],
  "zero_gt_classes": [1, 2, 3, 14, 15, 23],
  "n_present_classes": 18,
  "n_zero_gt_classes": 6,
  "num_images": 38036,
  "num_det_classes": 24,
  "total_gt_boxes": 3102,
  "iou_thresholds_used": [0.5, 0.55, 0.6, 0.65, 0.7, 0.75, 0.8, 0.85, 0.9, 0.95],
  "interpolation_mode": "coco",
  "source": "per_frame_predictions.json from d3_full_eval (v1, 38k frames; CPU-only post-hoc mAP evaluation)",
  "note": "present-class mAP equals full-set mAP because zero-GT classes (6) are excluded from COCO averaging per COCO convention. Previous 250-batch subsample (mAP50=0.573) used only frames with GT boxes; full-38k includes all frames, ~99.9% of which have no GT boxes, causing all model predictions on empty frames to register as false positives."
}