{
  "n_recordings": 16,
  "loo_global_f1_mean": 0.6709741808263858,
  "loo_optimal_f1_mean": 0.6857730990550736,
  "loo_improvement_mean": 0.014798918228687782,
  "loo_improvement_std": 0.01579790114027869,
  "per_recording": {
    "14_main_2_2": {
      "global_0.10_f1": 0.7813612950515119,
      "optimal_transferred_f1": 0.7808112927936125,
      "heldout_oracle_f1": 0.7823909671073227,
      "improvement": -0.0005500022578993624,
      "opt_thresholds_from_train": {
        "0": 0.05,
        "1": 0.05,
        "2": 0.05,
        "3": 0.8,
        "4": 0.9500000000000001,
        "5": 0.8,
        "6": 0.6500000000000001,
        "7": 0.9500000000000001,
        "8": 0.9500000000000001,
        "9": 0.9500000000000001,
        "10": 0.9500000000000001
      }
    },
    "14_main_2_3": {
      "global_0.10_f1": 0.7306136565941518,
      "optimal_transferred_f1": 0.7282641795405557,
      "heldout_oracle_f1": 0.7490423882640965,
      "improvement": -0.0023494770535961162,
      "opt_thresholds_from_train": {
        "0": 0.05,
        "1": 0.05,
        "2": 0.05,
        "3": 0.8,
        "4": 0.9500000000000001,
        "5": 0.8,
        "6": 0.6500000000000001,
        "7": 0.9500000000000001,
        "8": 0.9500000000000001,
        "9": 0.9500000000000001,
        "10": 0.9500000000000001
      }
    },
    "20_assy_0_1": {
      "global_0.10_f1": 0.6619304152734122,
      "optimal_transferred_f1": 0.6780297761492089,
      "heldout_oracle_f1": 0.6890798314277728,
      "improvement": 0.016099360875796664,
      "opt_thresholds_from_train": {
        "0": 0.05,
        "1": 0.05,
        "2": 0.05,
        "3": 0.8,
        "4": 0.9500000000000001,
        "5": 0.8,
        "6": 0.7000000000000001,
        "7": 0.9500000000000001,
        "8": 0.9500000000000001,
        "9": 0.9500000000000001,
        "10": 0.9500000000000001
      }
    },
    "20_main_0_1": {
      "global_0.10_f1": 0.7979373640959008,
      "optimal_transferred_f1": 0.7965532603738189,
      "heldout_oracle_f1": 0.8029012577845894,
      "improvement": -0.0013841037220818642,
      "opt_thresholds_from_train": {
        "0": 0.05,
        "1": 0.05,
        "2": 0.05,
        "3": 0.8,
        "4": 0.9500000000000001,
        "5": 0.8,
        "6": 0.7000000000000001,
        "7": 0.9500000000000001,
        "8": 0.9500000000000001,
        "9": 0.9500000000000001,
        "10": 0.9500000000000001
      }
    },
    "05_assy_0_1": {
      "global_0.10_f1": 0.6042062624675896,
      "optimal_transferred_f1": 0.6339600672622231,
      "heldout_oracle_f1": 0.6351011387194844,
      "improvement": 0.02975380479463352,
      "opt_thresholds_from_train": {
        "0": 0.05,
        "1": 0.05,
        "2": 0.05,
        "3": 0.8,
        "4": 0.9500000000000001,
        "5": 0.8,
        "6": 0.6500000000000001,
        "7": 0.9500000000000001,
        "8": 0.9500000000000001,
        "9": 0.9500000000000001,
        "10": 0.9500000000000001
      }
    },
    "20_assy_3_6": {
      "global_0.10_f1": 0.6095983300751022,
      "optimal_transferred_f1": 0.628315004707789,
      "heldout_oracle_f1": 0.6344743300978153,
      "improvement": 0.01871667463268678,
      "opt_thresholds_from_train": {
        "0": 0.05,
        "1": 0.05,
        "2": 0.05,
        "3": 0.8,
        "4": 0.9500000000000001,
        "5": 0.8,
        "6": 0.7000000000000001,
        "7": 0.9500000000000001,
        "8": 0.9500000000000001,
        "9": 0.9500000000000001,
        "10": 0.9500000000000001
      }
    },
    "05_assy_2_2": {
      "global_0.10_f1": 0.5372427666901499,
      "optimal_transferred_f1": 0.544721122300033,
      "heldout_oracle_f1": 0.5452420937961755,
      "improvement": 0.007478355609883081,
      "opt_thresholds_from_train": {
        "0": 0.05,
        "1": 0.05,
        "2": 0.05,
        "3": 0.8,
        "4": 0.9500000000000001,
        "5": 0.8,
        "6": 0.6500000000000001,
        "7": 0.9500000000000001,
        "8": 0.9500000000000001,
        "9": 0.9500000000000001,
        "10": 0.9500000000000001
      }
    },
    "14_assy_0_1": {
      "global_0.10_f1": 0.5764485492130698,
      "optimal_transferred_f1": 0.6141605979949201,
      "heldout_oracle_f1": 0.6210691521118473,
      "improvement": 0.037712048781850305,
      "opt_thresholds_from_train": {
        "0": 0.05,
        "1": 0.05,
        "2": 0.05,
        "3": 0.8,
        "4": 0.9500000000000001,
        "5": 0.8,
        "6": 0.6500000000000001,
        "7": 0.9500000000000001,
        "8": 0.9500000000000001,
        "9": 0.9500000000000001,
        "10": 0.9500000000000001
      }
    },
    "24_assy_2_4": {
      "global_0.10_f1": 0.5693139506605067,
      "optimal_transferred_f1": 0.6118390315994918,
      "heldout_oracle_f1": 0.6124061409665604,
      "improvement": 0.042525080938985105,
      "opt_thresholds_from_train": {
        "0": 0.05,
        "1": 0.05,
        "2": 0.05,
        "3": 0.8,
        "4": 0.9500000000000001,
        "5": 0.8,
        "6": 0.6500000000000001,
        "7": 0.9500000000000001,
        "8": 0.9500000000000001,
        "9": 0.9500000000000001,
        "10": 0.9500000000000001
      }
    },
    "14_main_0_1": {
      "global_0.10_f1": 0.7972017827184594,
      "optimal_transferred_f1": 0.7998879998679918,
      "heldout_oracle_f1": 0.8027814729504595,
      "improvement": 0.0026862171495323217,
      "opt_thresholds_from_train": {
        "0": 0.05,
        "1": 0.05,
        "2": 0.05,
        "3": 0.8,
        "4": 0.9500000000000001,
        "5": 0.8,
        "6": 0.6500000000000001,
        "7": 0.9500000000000001,
        "8": 0.9500000000000001,
        "9": 0.9500000000000001,
        "10": 0.9500000000000001
      }
    },
    "24_assy_0_1": {
      "global_0.10_f1": 0.5984985070534428,
      "optimal_transferred_f1": 0.6149820364800807,
      "heldout_oracle_f1": 0.621821688710109,
      "improvement": 0.01648352942663789,
      "opt_thresholds_from_train": {
        "0": 0.05,
        "1": 0.05,
        "2": 0.05,
        "3": 0.8,
        "4": 0.9500000000000001,
        "5": 0.7500000000000001,
        "6": 0.6500000000000001,
        "7": 0.9500000000000001,
        "8": 0.9500000000000001,
        "9": 0.9500000000000001,
        "10": 0.9500000000000001
      }
    },
    "05_main_0_1": {
      "global_0.10_f1": 0.7943710517515192,
      "optimal_transferred_f1": 0.7896012391768541,
      "heldout_oracle_f1": 0.8006278213445884,
      "improvement": -0.004769812574665133,
      "opt_thresholds_from_train": {
        "0": 0.05,
        "1": 0.05,
        "2": 0.05,
        "3": 0.8,
        "4": 0.9500000000000001,
        "5": 0.8,
        "6": 0.6500000000000001,
        "7": 0.9500000000000001,
        "8": 0.9500000000000001,
        "9": 0.9500000000000001,
        "10": 0.9500000000000001
      }
    },
    "26_assy_0_1": {
      "global_0.10_f1": 0.5974930583357402,
      "optimal_transferred_f1": 0.616103401918421,
      "heldout_oracle_f1": 0.6247823761713377,
      "improvement": 0.018610343582680766,
      "opt_thresholds_from_train": {
        "0": 0.05,
        "1": 0.05,
        "2": 0.05,
        "3": 0.8,
        "4": 0.9500000000000001,
        "5": 0.7500000000000001,
        "6": 0.6500000000000001,
        "7": 0.9500000000000001,
        "8": 0.9500000000000001,
        "9": 0.9500000000000001,
        "10": 0.9500000000000001
      }
    },
    "24_main_0_1": {
      "global_0.10_f1": 0.783999867294779,
      "optimal_transferred_f1": 0.7919664612771843,
      "heldout_oracle_f1": 0.7919832405401391,
      "improvement": 0.00796659398240529,
      "opt_thresholds_from_train": {
        "0": 0.05,
        "1": 0.05,
        "2": 0.05,
        "3": 0.8,
        "4": 0.9500000000000001,
        "5": 0.8,
        "6": 0.6500000000000001,
        "7": 0.9500000000000001,
        "8": 0.9500000000000001,
        "9": 0.9500000000000001,
        "10": 0.9500000000000001
      }
    },