{
  "checkpoint": "src/runs/rf_stages/checkpoints/best.pth",
  "n_frames": 38036,
  "n_per_comp": [
    38036,
    38036,
    38036,
    38036,
    38036,
    38036,
    38036,
    38036,
    38036,
    38036,
    38036
  ],
  "optimal_thresholds": [
    0.05,
    0.05,
    0.05,
    0.8,
    0.9500000000000001,
    0.8,
    0.6500000000000001,
    0.9500000000000001,
    0.9500000000000001,
    0.9500000000000001,
    0.9500000000000001
  ],
  "optimal_macro_f1": 0.7017630058651655,
  "global_0.10_macro_f1": 0.678753186233766
}