{
  "checkpoint": "src/runs/rf_stages/checkpoints/best.pth",
  "n_frames": 5000,
  "n_per_comp": [
    5000,
    5000,
    5000,
    5000,
    5000,
    5000,
    5000,
    5000,
    5000,
    5000,
    5000
  ],
  "optimal_thresholds": [
    0.05,
    0.2,
    0.2,
    0.8500000000000001,
    0.8,
    0.5,
    0.45,
    0.9000000000000001,
    0.9000000000000001,
    0.05,
    0.7000000000000001
  ],
  "optimal_macro_f1": 0.7810428735267254,
  "global_0.10_macro_f1": 0.7013429790606898
}