{
  "checkpoint": "src/runs/rf_stages/checkpoints/best.pth",
  "n_frames": 10000,
  "n_per_comp": [
    10000,
    10000,
    10000,
    10000,
    10000,
    10000,
    10000,
    10000,
    10000,
    10000,
    10000
  ],
  "optimal_thresholds": [
    0.05,
    0.2,
    0.15000000000000002,
    0.8500000000000001,
    0.8,
    0.5,
    0.45,
    0.9000000000000001,
    0.9000000000000001,
    0.05,
    0.7000000000000001
  ],
  "optimal_macro_f1": 0.7498827582251912,
  "global_0.10_macro_f1": 0.7217032102106798
}